{
    "python_3": {
        "test2service": 8.35978835978836
    }, 
    "python_2": {
        "test2service": 8.35978835978836
    }
}