{
    "python_3": {
        "test_actions_service": 8.31578947368421, 
        "test2service": 8.35978835978836
    }, 
    "python_2": {
        "test2service": 8.35978835978836
    }
}